SPACER,SPACER,SPACER,SPACER,SPACER,SPACER,SPACER
Yakijo,1789 Bunker Hill Lane,Savannah,GA,85663,amacbeth0@sourceforge.net,7068350577
Vinder,3 Mallory Hill,Pinellas Park,FL,67741,cmandeville1@google.es,9041100782
Cogilith,54 Warrior Alley,Springfield,TN,33135,amerveille2@admin.ch,6156439151
Brainsphere,7991 Johnson Terrace,Houston,IA,51512,jharragin3@paginegialle.it,3199900135
Skilith,67 Mccormick Park,Phoenix,CA,39501,ojosham4@springer.com,9166091714
Tagtune,424 Northwestern Street,Sioux Falls,WA,89080,cmcerlaine5@posterous.com,3603882577
Omba,03 Maple Wood Street,Baton Rouge,NY,99521,ljaulmes6@istockphoto.com,5857527365
Yata,6 Pawling Plaza,Fresno,AL,51287,tpepon7@yahoo.co.jp,2059101840
Plambee,57908 Hudson Junction,Stockton,WA,65778,alyosik8@google.com.br,2532949955
Tagfeed,05 Sloan Hill,Roanoke,VA,90784,amcgawn9@livejournal.com,5717980728
Fivechat,11 Canary Hill,Fairbanks,OR,37185,bruosa@about.com,5031978054
Jaxspan,4033 Swallow Street,Van Nuys,MN,33135,rvlachb@nytimes.com,6125064129
Eimbee,55519 Sunbrook Road,Davenport,DE,82858,cbellayc@goodreads.com,3022394579
Jaxworks,8 Pierstorff Avenue,Pittsburgh,VA,42983,gkomorowskid@imgur.com,5712397194
Dabvine,2 Weeping Birch Place,Fresno,MA,51575,sjackese@arizona.edu,3397569462
Skynoodle,853 Lakeland Parkway,Oklahoma City,NY,69455,mlangthornef@alexa.com,9177807970
Agimba,4 Fairview Crossing,Farmington,CO,30235,vketcherg@bbc.co.uk,3033025113
Tekfly,90 Oxford Point,Washington,CT,14047,btoolanh@guardian.co.uk,8606689987
Digitube,973 Nova Avenue,Amarillo,CA,98350,mtremletti@state.tx.us,3101673137
Thoughtmix,773 Cody Crossing,Fresno,AZ,10309,ddickeyj@w3.org,6028050206
